{"cameraMode":{"drawMode":0,"name":"Shaded","section":"Shading Mode"},"sceneLighting":false,"audioPlay":false,"sceneViewState":{"m_AlwaysRefresh":false,"showFog":true,"showSkybox":false,"showFlares":true,"showImageEffects":true,"showParticleSystems":true,"showVisualEffectGraphs":true,"m_FxEnabled":true},"in2DMode":false,"pivot":{"x":-0.15268099308013917,"y":0.5524628758430481,"z":-0.10621798038482666},"rotation":{"x":0.07993510365486145,"y":0.7155442833900452,"z":-0.0830148458480835,"w":0.6889978647232056},"size":1.7417703866958619,"orthographic":true}